{
    "rmse": 0.7313731328719965,
    "mae": 0.5731014960055107,
    "r2": 0.2050725821266175
}